Title,URL
Canvas is down as ShinyHunters threatens to leak schools’ data,https://www.theverge.com/tech/926458/canvas-shinyhunters-breach
Maybe you shouldn't install new software for a bit,https://xeiaso.net/blog/2026/abstain-from-install/
Dirtyfrag: Universal Linux LPE,https://www.openwall.com/lists/oss-security/2026/05/07/8
Cloudflare to cut about 20% workforce,https://www.reuters.com/business/world-at-work/cloudflare-cut-over-1100-jobs-2026-05-07/
The map that keeps Burning Man honest,https://www.not-ship.com/burning-man-moop/
Pinocchio is weirder than you remembered,https://storica.club/blog/pinocchio-in-italian/
"Agents need control flow, not more prompts",https://bsuh.bearblog.dev/agents-need-control-flow/
Natural Language Autoencoders: Turning Claude's Thoughts into Text,https://www.anthropic.com/research/natural-language-autoencoders
Plasticity and language in the anaesthetized human hippocampus,https://www.bcm.edu/news/researchers-discover-advanced-language-processing-in-the-unconscious-human-brain
GNU IFUNC is the real culprit behind CVE-2024-3094,https://github.com/robertdfrench/ifuncd-up
AlphaEvolve: Gemini-powered coding agent scaling impact across fields,https://deepmind.google/blog/alphaevolve-impact/
Gambling ads on social media reach more than twice as many men as women: study,https://www.cam.ac.uk/research/news/gambling-ads-on-social-media-reach-more-than-twice-as-many-men-as-women
DeepSeek 4 Flash local inference engine for Metal,https://github.com/antirez/ds4
AI slop is killing online communities,https://rmoff.net/2026/05/06/ai-slop-is-killing-online-communities/
"How to make SSE token streams resumable, cancellable, and multi-device",https://zknill.io/posts/everyone-said-sse-token-streaming-was-easy/
Los Alamos and the long path to detecting neutrinos,https://www.lanl.gov/media/publications/1663/from-ghost-particle-to-cosmic-messenger
Nonprofit hospitals spend billions on consultants with no clear effect,https://www.uchicagomedicine.org/forefront/research-and-discoveries-articles/nonprofit-hospitals-spend-billions-on-management-consultants
Brazil's Pix payment system faces pressure from Visa and Mastercard,https://www.elciudadano.com/en/brazils-pix-payment-system-faces-pressure-from-visa-and-mastercard/04/04/
Komai: a fine Matrix chat app you can get to love,https://etke.cc/blog/introducing-komai
Singapore introduces caning for boys who bully others at school,https://www.theguardian.com/world/2026/may/06/singapore-caning-school-bullies
